-- access_token
create table oauth_access_token
(
    token_id          varchar(255) null,
    token             blob         null,
    authentication_id varchar(255) null,
    user_name         varchar(255) null,
    client_id         varchar(255) null,
    authentication    blob         null,
    refresh_token     varchar(255) null
)
    charset = utf8;

create index authentication_id_index
    on oauth_access_token (authentication_id);

create index client_id_index
    on oauth_access_token (client_id);

create index refresh_token_index
    on oauth_access_token (refresh_token);

create index token_id_index
    on oauth_access_token (token_id);

create index user_name_index
    on oauth_access_token (user_name);

INSERT INTO oauth_access_token (token_id, token, authentication_id, user_name, client_id, authentication, refresh_token) VALUES ('dc636e0231e05fde53f77ab36239a3ff', 0xACED0005737200436F72672E737072696E676672616D65776F726B2E73656375726974792E6F61757468322E636F6D6D6F6E2E44656661756C744F4175746832416363657373546F6B656E0CB29E361B24FACE0200064C00156164646974696F6E616C496E666F726D6174696F6E74000F4C6A6176612F7574696C2F4D61703B4C000A65787069726174696F6E7400104C6A6176612F7574696C2F446174653B4C000C72656672657368546F6B656E74003F4C6F72672F737072696E676672616D65776F726B2F73656375726974792F6F61757468322F636F6D6D6F6E2F4F417574683252656672657368546F6B656E3B4C000573636F706574000F4C6A6176612F7574696C2F5365743B4C0009746F6B656E547970657400124C6A6176612F6C616E672F537472696E673B4C000576616C756571007E000578707372001E6A6176612E7574696C2E436F6C6C656374696F6E7324456D7074794D6170593614855ADCE7D002000078707372000E6A6176612E7574696C2E44617465686A81014B597419030000787077080000016B1301ADCB7870737200256A6176612E7574696C2E436F6C6C656374696F6E7324556E6D6F6469666961626C65536574801D92D18F9B80550200007872002C6A6176612E7574696C2E436F6C6C656374696F6E7324556E6D6F6469666961626C65436F6C6C656374696F6E19420080CB5EF71E0200014C0001637400164C6A6176612F7574696C2F436F6C6C656374696F6E3B7870737200176A6176612E7574696C2E4C696E6B656448617368536574D86CD75A95DD2A1E020000787200116A6176612E7574696C2E48617368536574BA44859596B8B7340300007870770C000000103F400000000000017400036170707874000662656172657274002432393264373333382D353463352D343633302D616437662D383339393230663434643232, '287b1b4095d75bc94942ea499ad78a0c', 'user', 'client', 0xACED0005737200416F72672E737072696E676672616D65776F726B2E73656375726974792E6F61757468322E70726F76696465722E4F417574683241757468656E7469636174696F6EBD400B02166252130200024C000D73746F7265645265717565737474003C4C6F72672F737072696E676672616D65776F726B2F73656375726974792F6F61757468322F70726F76696465722F4F4175746832526571756573743B4C00127573657241757468656E7469636174696F6E7400324C6F72672F737072696E676672616D65776F726B2F73656375726974792F636F72652F41757468656E7469636174696F6E3B787200476F72672E737072696E676672616D65776F726B2E73656375726974792E61757468656E7469636174696F6E2E416273747261637441757468656E7469636174696F6E546F6B656ED3AA287E6E47640E0200035A000D61757468656E746963617465644C000B617574686F7269746965737400164C6A6176612F7574696C2F436F6C6C656374696F6E3B4C000764657461696C737400124C6A6176612F6C616E672F4F626A6563743B787000737200266A6176612E7574696C2E436F6C6C656374696F6E7324556E6D6F6469666961626C654C697374FC0F2531B5EC8E100200014C00046C6973747400104C6A6176612F7574696C2F4C6973743B7872002C6A6176612E7574696C2E436F6C6C656374696F6E7324556E6D6F6469666961626C65436F6C6C656374696F6E19420080CB5EF71E0200014C00016371007E00047870737200136A6176612E7574696C2E41727261794C6973747881D21D99C7619D03000149000473697A657870000000007704000000007871007E000C707372003A6F72672E737072696E676672616D65776F726B2E73656375726974792E6F61757468322E70726F76696465722E4F41757468325265717565737400000000000000010200075A0008617070726F7665644C000B617574686F72697469657371007E00044C000A657874656E73696F6E7374000F4C6A6176612F7574696C2F4D61703B4C000B72656469726563745572697400124C6A6176612F6C616E672F537472696E673B4C00077265667265736874003B4C6F72672F737072696E676672616D65776F726B2F73656375726974792F6F61757468322F70726F76696465722F546F6B656E526571756573743B4C000B7265736F7572636549647374000F4C6A6176612F7574696C2F5365743B4C000D726573706F6E7365547970657371007E0011787200386F72672E737072696E676672616D65776F726B2E73656375726974792E6F61757468322E70726F76696465722E426173655265717565737436287A3EA37169BD0200034C0008636C69656E74496471007E000F4C001172657175657374506172616D657465727371007E000E4C000573636F706571007E00117870740006636C69656E74737200256A6176612E7574696C2E436F6C6C656374696F6E7324556E6D6F6469666961626C654D6170F1A5A8FE74F507420200014C00016D71007E000E7870737200116A6176612E7574696C2E486173684D61700507DAC1C31660D103000246000A6C6F6164466163746F724900097468726573686F6C6478703F400000000000067708000000080000000474000D726573706F6E73655F74797065740004636F6465740004636F64657400065138627A384D74000A6772616E745F74797065740012617574686F72697A6174696F6E5F636F6465740009636C69656E745F696471007E001478737200256A6176612E7574696C2E436F6C6C656374696F6E7324556E6D6F6469666961626C65536574801D92D18F9B80550200007871007E0009737200176A6176612E7574696C2E4C696E6B656448617368536574D86CD75A95DD2A1E020000787200116A6176612E7574696C2E48617368536574BA44859596B8B7340300007870770C000000103F4000000000000174000361707078017371007E0023770C000000103F40000000000000787371007E00173F400000000000007708000000100000000078740022687474703A2F2F3130312E3133322E3136332E3132323A383834382F6E61636F732F707371007E0023770C000000103F40000000000000787371007E0023770C000000103F4000000000000171007E001A787372004F6F72672E737072696E676672616D65776F726B2E73656375726974792E61757468656E7469636174696F6E2E557365726E616D6550617373776F726441757468656E7469636174696F6E546F6B656E00000000000001FE0200024C000B63726564656E7469616C7371007E00054C00097072696E636970616C71007E00057871007E0003017371007E00077371007E000B000000007704000000007871007E002E737200486F72672E737072696E676672616D65776F726B2E73656375726974792E7765622E61757468656E7469636174696F6E2E57656241757468656E7469636174696F6E44657461696C7300000000000001FE0200024C000D72656D6F74654164647265737371007E000F4C000973657373696F6E496471007E000F787074000F303A303A303A303A303A303A303A31740020354438373041374638463034363136363341333543464439333635334435413070737200326F72672E737072696E676672616D65776F726B2E73656375726974792E636F72652E7573657264657461696C732E5573657200000000000001FE0200075A00116163636F756E744E6F6E457870697265645A00106163636F756E744E6F6E4C6F636B65645A001563726564656E7469616C734E6F6E457870697265645A0007656E61626C65644C000B617574686F72697469657371007E00114C000870617373776F726471007E000F4C0008757365726E616D6571007E000F7870010101017371007E0020737200116A6176612E7574696C2E54726565536574DD98509395ED875B0300007870737200466F72672E737072696E676672616D65776F726B2E73656375726974792E636F72652E7573657264657461696C732E5573657224417574686F72697479436F6D70617261746F7200000000000001FE0200007870770400000000787074000475736572, null);
INSERT INTO oauth_access_token (token_id, token, authentication_id, user_name, client_id, authentication, refresh_token) VALUES ('eab2df90ec6fd3c32f172f197373bbcc', 0xACED0005737200436F72672E737072696E676672616D65776F726B2E73656375726974792E6F61757468322E636F6D6D6F6E2E44656661756C744F4175746832416363657373546F6B656E0CB29E361B24FACE0200064C00156164646974696F6E616C496E666F726D6174696F6E74000F4C6A6176612F7574696C2F4D61703B4C000A65787069726174696F6E7400104C6A6176612F7574696C2F446174653B4C000C72656672657368546F6B656E74003F4C6F72672F737072696E676672616D65776F726B2F73656375726974792F6F61757468322F636F6D6D6F6E2F4F417574683252656672657368546F6B656E3B4C000573636F706574000F4C6A6176612F7574696C2F5365743B4C0009746F6B656E547970657400124C6A6176612F6C616E672F537472696E673B4C000576616C756571007E000578707372001E6A6176612E7574696C2E436F6C6C656374696F6E7324456D7074794D6170593614855ADCE7D002000078707372000E6A6176612E7574696C2E44617465686A81014B597419030000787077080000016B179C8D977870737200256A6176612E7574696C2E436F6C6C656374696F6E7324556E6D6F6469666961626C65536574801D92D18F9B80550200007872002C6A6176612E7574696C2E436F6C6C656374696F6E7324556E6D6F6469666961626C65436F6C6C656374696F6E19420080CB5EF71E0200014C0001637400164C6A6176612F7574696C2F436F6C6C656374696F6E3B7870737200176A6176612E7574696C2E4C696E6B656448617368536574D86CD75A95DD2A1E020000787200116A6176612E7574696C2E48617368536574BA44859596B8B7340300007870770C000000023F400000000000017400036170707874000662656172657274002433623033646531352D386434322D343162342D626362342D373638653037353438353136, 'a3463e5ba065ea3c94b12a4ae00bedfb', 'admin', 'client1', 0xACED0005737200416F72672E737072696E676672616D65776F726B2E73656375726974792E6F61757468322E70726F76696465722E4F417574683241757468656E7469636174696F6EBD400B02166252130200024C000D73746F7265645265717565737474003C4C6F72672F737072696E676672616D65776F726B2F73656375726974792F6F61757468322F70726F76696465722F4F4175746832526571756573743B4C00127573657241757468656E7469636174696F6E7400324C6F72672F737072696E676672616D65776F726B2F73656375726974792F636F72652F41757468656E7469636174696F6E3B787200476F72672E737072696E676672616D65776F726B2E73656375726974792E61757468656E7469636174696F6E2E416273747261637441757468656E7469636174696F6E546F6B656ED3AA287E6E47640E0200035A000D61757468656E746963617465644C000B617574686F7269746965737400164C6A6176612F7574696C2F436F6C6C656374696F6E3B4C000764657461696C737400124C6A6176612F6C616E672F4F626A6563743B787000737200266A6176612E7574696C2E436F6C6C656374696F6E7324556E6D6F6469666961626C654C697374FC0F2531B5EC8E100200014C00046C6973747400104C6A6176612F7574696C2F4C6973743B7872002C6A6176612E7574696C2E436F6C6C656374696F6E7324556E6D6F6469666961626C65436F6C6C656374696F6E19420080CB5EF71E0200014C00016371007E00047870737200136A6176612E7574696C2E41727261794C6973747881D21D99C7619D03000149000473697A65787000000006770400000006737200426F72672E737072696E676672616D65776F726B2E73656375726974792E636F72652E617574686F726974792E53696D706C654772616E746564417574686F7269747900000000000001FE0200014C0004726F6C657400124C6A6176612F6C616E672F537472696E673B787074000653797374656D7371007E000D74000A53797374656D557365727371007E000D74001053797374656D5573657244656C6574657371007E000D74001053797374656D55736572496E736572747371007E000D74001053797374656D557365725570646174657371007E000D74000E53797374656D55736572566965777871007E000C707372003A6F72672E737072696E676672616D65776F726B2E73656375726974792E6F61757468322E70726F76696465722E4F41757468325265717565737400000000000000010200075A0008617070726F7665644C000B617574686F72697469657371007E00044C000A657874656E73696F6E7374000F4C6A6176612F7574696C2F4D61703B4C000B726564697265637455726971007E000E4C00077265667265736874003B4C6F72672F737072696E676672616D65776F726B2F73656375726974792F6F61757468322F70726F76696465722F546F6B656E526571756573743B4C000B7265736F7572636549647374000F4C6A6176612F7574696C2F5365743B4C000D726573706F6E7365547970657371007E001E787200386F72672E737072696E676672616D65776F726B2E73656375726974792E6F61757468322E70726F76696465722E426173655265717565737436287A3EA37169BD0200034C0008636C69656E74496471007E000E4C001172657175657374506172616D657465727371007E001C4C000573636F706571007E001E7870740007636C69656E7431737200256A6176612E7574696C2E436F6C6C656374696F6E7324556E6D6F6469666961626C654D6170F1A5A8FE74F507420200014C00016D71007E001C7870737200116A6176612E7574696C2E486173684D61700507DAC1C31660D103000246000A6C6F6164466163746F724900097468726573686F6C6478703F4000000000000C77080000001000000006740004636F646574000673426A4A785A74000A6772616E745F74797065740012617574686F72697A6174696F6E5F636F646574000D726573706F6E73655F74797065740004636F646574000C72656469726563745F75726974001B687474703A2F2F6C6F63616C686F73743A393030362F6C6F67696E7400057374617465740006716774306574740009636C69656E745F696471007E002178737200256A6176612E7574696C2E436F6C6C656374696F6E7324556E6D6F6469666961626C65536574801D92D18F9B80550200007871007E0009737200176A6176612E7574696C2E4C696E6B656448617368536574D86CD75A95DD2A1E020000787200116A6176612E7574696C2E48617368536574BA44859596B8B7340300007870770C000000103F4000000000000174000361707078017371007E0034770C000000103F40000000000000787371007E00243F40000000000000770800000010000000007874001B687474703A2F2F6C6F63616C686F73743A393030362F6C6F67696E707371007E0034770C000000103F40000000000000787371007E0034770C000000103F4000000000000171007E002B787372004F6F72672E737072696E676672616D65776F726B2E73656375726974792E61757468656E7469636174696F6E2E557365726E616D6550617373776F726441757468656E7469636174696F6E546F6B656E00000000000001FE0200024C000B63726564656E7469616C7371007E00054C00097072696E636970616C71007E00057871007E0003017371007E00077371007E000B0000000677040000000671007E000F71007E001171007E001371007E001571007E001771007E00197871007E003F737200486F72672E737072696E676672616D65776F726B2E73656375726974792E7765622E61757468656E7469636174696F6E2E57656241757468656E7469636174696F6E44657461696C7300000000000001FE0200024C000D72656D6F74654164647265737371007E000E4C000973657373696F6E496471007E000E787074000F303A303A303A303A303A303A303A31740020393431384245413333304335454646363544303644353842324138303630354670737200326F72672E737072696E676672616D65776F726B2E73656375726974792E636F72652E7573657264657461696C732E5573657200000000000001FE0200075A00116163636F756E744E6F6E457870697265645A00106163636F756E744E6F6E4C6F636B65645A001563726564656E7469616C734E6F6E457870697265645A0007656E61626C65644C000B617574686F72697469657371007E001E4C000870617373776F726471007E000E4C0008757365726E616D6571007E000E7870010101017371007E0031737200116A6176612E7574696C2E54726565536574DD98509395ED875B0300007870737200466F72672E737072696E676672616D65776F726B2E73656375726974792E636F72652E7573657264657461696C732E5573657224417574686F72697479436F6D70617261746F7200000000000001FE020000787077040000000671007E000F71007E001171007E001371007E001571007E001771007E0019787074000561646D696E, null);
INSERT INTO oauth_access_token (token_id, token, authentication_id, user_name, client_id, authentication, refresh_token) VALUES ('b61d3c45810d35cca6321da5841907e6', 0xACED0005737200436F72672E737072696E676672616D65776F726B2E73656375726974792E6F61757468322E636F6D6D6F6E2E44656661756C744F4175746832416363657373546F6B656E0CB29E361B24FACE0200064C00156164646974696F6E616C496E666F726D6174696F6E74000F4C6A6176612F7574696C2F4D61703B4C000A65787069726174696F6E7400104C6A6176612F7574696C2F446174653B4C000C72656672657368546F6B656E74003F4C6F72672F737072696E676672616D65776F726B2F73656375726974792F6F61757468322F636F6D6D6F6E2F4F417574683252656672657368546F6B656E3B4C000573636F706574000F4C6A6176612F7574696C2F5365743B4C0009746F6B656E547970657400124C6A6176612F6C616E672F537472696E673B4C000576616C756571007E000578707372001E6A6176612E7574696C2E436F6C6C656374696F6E7324456D7074794D6170593614855ADCE7D002000078707372000E6A6176612E7574696C2E44617465686A81014B59741903000078707708000001744A33AA637870737200256A6176612E7574696C2E436F6C6C656374696F6E7324556E6D6F6469666961626C65536574801D92D18F9B80550200007872002C6A6176612E7574696C2E436F6C6C656374696F6E7324556E6D6F6469666961626C65436F6C6C656374696F6E19420080CB5EF71E0200014C0001637400164C6A6176612F7574696C2F436F6C6C656374696F6E3B7870737200176A6176612E7574696C2E4C696E6B656448617368536574D86CD75A95DD2A1E020000787200116A6176612E7574696C2E48617368536574BA44859596B8B7340300007870770C000000023F400000000000017400036170707874000662656172657274002466623963656161352D356535392D346136622D623662382D636334333835626464336163, '8502edc3f4c61f1000b1932e6a3756f1', 'admin', 'client', 0xACED0005737200416F72672E737072696E676672616D65776F726B2E73656375726974792E6F61757468322E70726F76696465722E4F417574683241757468656E7469636174696F6EBD400B02166252130200024C000D73746F7265645265717565737474003C4C6F72672F737072696E676672616D65776F726B2F73656375726974792F6F61757468322F70726F76696465722F4F4175746832526571756573743B4C00127573657241757468656E7469636174696F6E7400324C6F72672F737072696E676672616D65776F726B2F73656375726974792F636F72652F41757468656E7469636174696F6E3B787200476F72672E737072696E676672616D65776F726B2E73656375726974792E61757468656E7469636174696F6E2E416273747261637441757468656E7469636174696F6E546F6B656ED3AA287E6E47640E0200035A000D61757468656E746963617465644C000B617574686F7269746965737400164C6A6176612F7574696C2F436F6C6C656374696F6E3B4C000764657461696C737400124C6A6176612F6C616E672F4F626A6563743B787000737200266A6176612E7574696C2E436F6C6C656374696F6E7324556E6D6F6469666961626C654C697374FC0F2531B5EC8E100200014C00046C6973747400104C6A6176612F7574696C2F4C6973743B7872002C6A6176612E7574696C2E436F6C6C656374696F6E7324556E6D6F6469666961626C65436F6C6C656374696F6E19420080CB5EF71E0200014C00016371007E00047870737200136A6176612E7574696C2E41727261794C6973747881D21D99C7619D03000149000473697A65787000000006770400000006737200426F72672E737072696E676672616D65776F726B2E73656375726974792E636F72652E617574686F726974792E53696D706C654772616E746564417574686F7269747900000000000002080200014C0004726F6C657400124C6A6176612F6C616E672F537472696E673B787074000653797374656D7371007E000D74000A53797374656D557365727371007E000D74001053797374656D5573657244656C6574657371007E000D74001053797374656D55736572496E736572747371007E000D74001053797374656D557365725570646174657371007E000D74000E53797374656D55736572566965777871007E000C707372003A6F72672E737072696E676672616D65776F726B2E73656375726974792E6F61757468322E70726F76696465722E4F41757468325265717565737400000000000000010200075A0008617070726F7665644C000B617574686F72697469657371007E00044C000A657874656E73696F6E7374000F4C6A6176612F7574696C2F4D61703B4C000B726564697265637455726971007E000E4C00077265667265736874003B4C6F72672F737072696E676672616D65776F726B2F73656375726974792F6F61757468322F70726F76696465722F546F6B656E526571756573743B4C000B7265736F7572636549647374000F4C6A6176612F7574696C2F5365743B4C000D726573706F6E7365547970657371007E001E787200386F72672E737072696E676672616D65776F726B2E73656375726974792E6F61757468322E70726F76696465722E426173655265717565737436287A3EA37169BD0200034C0008636C69656E74496471007E000E4C001172657175657374506172616D657465727371007E001C4C000573636F706571007E001E7870740006636C69656E74737200256A6176612E7574696C2E436F6C6C656374696F6E7324556E6D6F6469666961626C654D6170F1A5A8FE74F507420200014C00016D71007E001C7870737200116A6176612E7574696C2E486173684D61700507DAC1C31660D103000246000A6C6F6164466163746F724900097468726573686F6C6478703F4000000000000C77080000001000000006740004636F646574000652597653703474000A6772616E745F74797065740012617574686F72697A6174696F6E5F636F646574000D726573706F6E73655F74797065740004636F646574000C72656469726563745F75726974001B687474703A2F2F6C6F63616C686F73743A393030332F6C6F67696E7400057374617465740006326B627A7032740009636C69656E745F696471007E002178737200256A6176612E7574696C2E436F6C6C656374696F6E7324556E6D6F6469666961626C65536574801D92D18F9B80550200007871007E0009737200176A6176612E7574696C2E4C696E6B656448617368536574D86CD75A95DD2A1E020000787200116A6176612E7574696C2E48617368536574BA44859596B8B7340300007870770C000000103F4000000000000174000361707078017371007E0034770C000000103F40000000000000787371007E00243F40000000000000770800000010000000007874001B687474703A2F2F6C6F63616C686F73743A393030332F6C6F67696E707371007E0034770C000000103F40000000000000787371007E0034770C000000103F4000000000000171007E002B787372004F6F72672E737072696E676672616D65776F726B2E73656375726974792E61757468656E7469636174696F6E2E557365726E616D6550617373776F726441757468656E7469636174696F6E546F6B656E00000000000002080200024C000B63726564656E7469616C7371007E00054C00097072696E636970616C71007E00057871007E0003017371007E00077371007E000B0000000677040000000671007E000F71007E001171007E001371007E001571007E001771007E00197871007E003F737200486F72672E737072696E676672616D65776F726B2E73656375726974792E7765622E61757468656E7469636174696F6E2E57656241757468656E7469636174696F6E44657461696C7300000000000002080200024C000D72656D6F74654164647265737371007E000E4C000973657373696F6E496471007E000E787074000F303A303A303A303A303A303A303A31740020373638324344454643313233384631464636413630354344423031454535433270737200326F72672E737072696E676672616D65776F726B2E73656375726974792E636F72652E7573657264657461696C732E5573657200000000000002080200075A00116163636F756E744E6F6E457870697265645A00106163636F756E744E6F6E4C6F636B65645A001563726564656E7469616C734E6F6E457870697265645A0007656E61626C65644C000B617574686F72697469657371007E001E4C000870617373776F726471007E000E4C0008757365726E616D6571007E000E7870010101017371007E0031737200116A6176612E7574696C2E54726565536574DD98509395ED875B0300007870737200466F72672E737072696E676672616D65776F726B2E73656375726974792E636F72652E7573657264657461696C732E5573657224417574686F72697479436F6D70617261746F720000000000000208020000787077040000000671007E000F71007E001171007E001371007E001571007E001771007E0019787074000561646D696E, null);

-- oauth_client_details
create table oauth_client_details
(
    client_id               varchar(255)                not null
        primary key,
    resource_ids            varchar(255)                null,
    client_secret           varchar(255)                null,
    scope                   varchar(255)                null,
    authorized_grant_types  varchar(255)                null,
    web_server_redirect_uri varchar(255)                null,
    authorities             varchar(255)                null,
    access_token_validity   int                         null,
    refresh_token_validity  int                         null,
    additional_information  text                        null,
    autoapprove             varchar(255) default 'true' null
)
    charset = utf8;

INSERT INTO oauth_client_details (client_id, resource_ids, client_secret, scope, authorized_grant_types, web_server_redirect_uri, authorities, access_token_validity, refresh_token_validity, additional_information, autoapprove) VALUES ('client', '', '$2a$10$GwHc8WxGx7fzgKQ.hTEfpe5UcRoCbHZBmtdK90lTi4aP.qmmD2kKu', 'app', 'authorization_code', 'http://localhost:9003/login', '', 3600, 3600, '{"country":"CN","country_code":"086"}', 'true');

-- oauth_code
create table oauth_code
(
    code           varchar(255) null,
    authentication blob         null
)
    charset = utf8;

create index code_index
    on oauth_code (code);

-- oauth_refresh_token
create table oauth_refresh_token
(
    token_id       varchar(255) null,
    token          blob         null,
    authentication blob         null
)
    charset = utf8;

create index token_id_index
    on oauth_refresh_token (token_id);

-- wotrd_permission
create table wotrd_permission
(
    id          bigint(11) auto_increment comment '主键ID'
        primary key,
    parent_id   bigint(11)   null comment '用户ID',
    name        varchar(255) null comment '权限名字',
    ename       varchar(255) null comment '权限名字',
    url         varchar(255) null comment '请求路径',
    description varchar(255) null comment '描述',
    create_time datetime     null comment '创建时间',
    update_time datetime     null comment '更新时间'
);

INSERT INTO wotrd_permission (id, parent_id, name, ename, url, description, create_time, update_time) VALUES (1, 0, '系统管理', 'System', '/', null, '2019-05-30 16:22:20', '2019-05-30 16:22:24');
INSERT INTO wotrd_permission (id, parent_id, name, ename, url, description, create_time, update_time) VALUES (2, 1, '用户管理', 'SystemUser', '/users', null, '2019-05-30 16:23:28', '2019-05-30 16:23:32');
INSERT INTO wotrd_permission (id, parent_id, name, ename, url, description, create_time, update_time) VALUES (3, 2, '查看用户', 'SystemUserView', '/users/view/**', null, '2019-05-30 16:24:29', '2019-05-30 16:24:33');
INSERT INTO wotrd_permission (id, parent_id, name, ename, url, description, create_time, update_time) VALUES (4, 2, '新增用户', 'SystemUserInsert', '/users/insert/**', null, '2019-05-30 16:25:09', '2019-05-30 16:25:13');
INSERT INTO wotrd_permission (id, parent_id, name, ename, url, description, create_time, update_time) VALUES (5, 2, '编辑用户', 'SystemUserUpdate', '/users/update/**', null, '2019-05-30 16:25:53', '2019-05-30 16:25:57');
INSERT INTO wotrd_permission (id, parent_id, name, ename, url, description, create_time, update_time) VALUES (6, 2, '删除用户', 'SystemUserDelete', '/users/delete/**', null, '2019-05-30 16:26:49', '2019-05-30 16:26:54');
INSERT INTO wotrd_permission (id, parent_id, name, ename, url, description, create_time, update_time) VALUES (7, 1, '内容管理', 'SystemContent', '/content/', null, '2019-05-31 16:38:11', '2019-05-31 16:38:16');
INSERT INTO wotrd_permission (id, parent_id, name, ename, url, description, create_time, update_time) VALUES (8, 7, '查看内容', 'ROLE_SystemContentView', '/content/view/**', null, '2019-05-31 16:39:53', '2019-05-31 16:39:58');
INSERT INTO wotrd_permission (id, parent_id, name, ename, url, description, create_time, update_time) VALUES (9, 7, '新增内容', 'ROLE_SystemContentInsert', '/content/insert/**', null, '2019-05-31 16:41:04', '2019-05-31 16:41:08');
INSERT INTO wotrd_permission (id, parent_id, name, ename, url, description, create_time, update_time) VALUES (10, 7, '编辑内容', 'SystemContentUpdate', '/content/update/**', null, '2019-05-31 16:41:48', '2019-05-31 16:41:53');
INSERT INTO wotrd_permission (id, parent_id, name, ename, url, description, create_time, update_time) VALUES (11, 7, '删除内容', 'SystemContentDelete', '/content/delete/**', null, '2019-05-31 16:42:30', '2019-05-31 16:42:34');

-- wotrd_role
create table wotrd_role
(
    id          bigint(11) auto_increment comment '主键ID'
        primary key,
    parent_id   bigint       null comment '父类ID',
    name        varchar(255) null comment '角色名字',
    ename       varchar(255) null comment '角色名字',
    description varchar(255) null comment '描述',
    create_time datetime     null comment '创建时间',
    update_time datetime     null comment '更新时间'
);

INSERT INTO wotrd_role (id, parent_id, name, ename, description, create_time, update_time) VALUES (1, 0, '超级管理员', 'admin', null, '2019-05-30 16:09:53', '2019-05-30 16:09:57');
INSERT INTO wotrd_role (id, parent_id, name, ename, description, create_time, update_time) VALUES (2, 1, '用户', 'user', null, null, null);

-- wotrd_role_permission
create table wotrd_role_permission
(
    id            bigint(11) not null comment '主键ID'
        primary key,
    role_id       bigint(11) null comment '角色ID',
    permission_id bigint(11) null comment '权限ID'
);

INSERT INTO wotrd_role_permission (id, role_id, permission_id) VALUES (1, 1, 1);
INSERT INTO wotrd_role_permission (id, role_id, permission_id) VALUES (2, 1, 2);
INSERT INTO wotrd_role_permission (id, role_id, permission_id) VALUES (3, 1, 3);
INSERT INTO wotrd_role_permission (id, role_id, permission_id) VALUES (4, 1, 4);
INSERT INTO wotrd_role_permission (id, role_id, permission_id) VALUES (5, 1, 5);
INSERT INTO wotrd_role_permission (id, role_id, permission_id) VALUES (6, 1, 6);

-- wotrd_user
create table wotrd_user
(
    id          bigint(11) auto_increment comment '主键ID'
        primary key,
    username    varchar(64)  null comment '用户名',
    password    varchar(255) null comment '密码',
    gender      int(2)       null comment '性别（1男 2女）',
    email       varchar(128) null comment '邮箱',
    create_time datetime     null comment '用户创建时间',
    update_time datetime     null comment '更新时间',
    removed     int(2)       null comment '是否删除（1删除0未删除）'
);

INSERT INTO wotrd_user (id, username, password, gender, email, create_time, update_time, removed) VALUES (1, 'admin', '$2a$10$vWyL7fMGQRvVNn.i2bK40e3z30Nem4k.ElwuxdLBNzKFxRCcXCoqm', 1, null, '2019-05-30 15:53:45', '2019-05-30 15:53:51', 0);
INSERT INTO wotrd_user (id, username, password, gender, email, create_time, update_time, removed) VALUES (2, 'user', '123456', 1, null, null, null, 0);

-- wotrd_user_role
create table wotrd_user_role
(
    id      bigint(11) not null comment '主键ID'
        primary key,
    user_id bigint(11) null comment '用户主键',
    role_id bigint(11) null comment '角色ID'
);

INSERT INTO wotrd_user_role (id, user_id, role_id) VALUES (1, 1, 1);
INSERT INTO wotrd_user_role (id, user_id, role_id) VALUES (2, 2, 2);